"","ctrl_1","ctrl_2","ctrl_3","ctrl_4","BLZ_1","BLZ_2","BLZ_3","PD1_PDL1_1","PD1_PDL1_2","PD1_PDL1_3","PD1_PDL1_4","combo_1","combo_2","combo_3","combo_4"
"Zfp984",1.97076317016307,2.15186602073747,1.97455187063419,2.12209183956199,1.89280425522233,2.03654702733765,1.94784553652798,2.53781853514474,1.96367376236662,2.43846124882189,1.94569298460912,2.71493081927144,2.7501493490447,3.44958660914615,2.92886347019553
"Tigit",2.54682221102039,2.86097723154211,2.58953455490179,2.5791225302949,2.52932067049169,2.39486750176396,2.97546778448169,3.51564079305803,3.2765108839644,2.79345923352318,3.16238790086564,3.43298243403823,2.87822080261068,4.44058759408945,5.31705066377413
"Fcor",4.11053660981434,3.82534620006245,3.84591823893867,4.47239796685557,3.94984652655927,3.97898863200754,4.24186783346785,3.89212029287768,5.07030824021665,4.39849454450221,4.80028501076308,6.02998542216106,5.14148815813352,4.39849454450221,6.81517455486331
"Acacb",4.66981464659783,4.17231947725016,5.52342749282033,4.45431265950609,4.47339296642173,4.02807270652939,4.12045186278993,3.91785510337475,6.8204034217363,4.06098155104486,5.94438503863924,7.05212174395844,5.63439562848055,5.72985066505266,7.86050581716529
"Cyp4v3",4.41333426388947,4.88220801027926,5.70129605824296,5.63279669585331,5.33627556807963,5.12972795977425,4.80541031485397,5.70610911117813,6.73487037945748,5.34646776296235,5.89203038956988,6.10426218161957,5.74537945596477,6.53063302179373,7.72993921926298
"Plekho2",5.69251942699029,5.97309582702915,6.3654946404523,6.31764080510475,5.75352093948196,5.73366396545897,5.82285606938482,6.38986665582017,7.02333841792151,5.71572308370725,6.45353019751982,6.97001989282513,6.28484792538282,7.24139138075579,8.28647193526793
"Mapkapk3",3.86850800006337,3.67862978549951,4.36205700612194,4.21592447231715,4.20150121271294,3.89401665621746,3.85831792188756,4.37146164788051,4.89197681848981,3.77481454578008,4.77725124616261,4.87908587662928,4.37647930196621,5.39448969566545,6.23328333393755
"Acad11",4.98873319395514,4.94876363437467,5.71163064871129,5.31099860602967,5.68851940968891,5.32669742873926,5.36612592811812,5.26576125711539,7.00864162981501,6.04446001028997,6.21065600455106,7.20910874293321,6.24682706677355,6.21353933687269,8.3158498335703
"Gm16537",3.92918605182683,3.54342708815613,4.67608493157834,4.66755842503005,4.44905663694104,3.70985175293306,3.77803444030515,4.48510243242705,5.85831336589825,4.02129091359986,5.70750883472807,6.04610771555604,5.38958883564743,5.8473396788989,7.51919252423533
"Plin1",4.28616559899736,4.21608243144006,5.77771973675627,4.98165384539226,5.44457225527204,4.20316590125523,4.75110029601487,4.16085131081483,7.68853947094369,4.08778219623571,6.75209706797782,8.00413546381554,7.03987916393891,6.352173178303,9.24827686413086
"Ces1d",3.00197375392389,2.80592417254785,3.49061221554614,3.28563077305383,3.85386244630009,2.25090955851134,2.6341198603353,3.22263332615225,5.33711788491076,3.49061221554614,4.10544906306139,5.85279487165397,4.24813050412284,3.49061221554614,6.93484949893367
"Aldh6a1",5.79941481012383,5.50283502566391,6.73014079264383,6.08874792281896,6.56598971521436,5.70068303155359,6.50093755843898,5.80930273863639,8.32168854362658,6.49650516248167,7.14387675674303,8.5343304941727,7.64965754475433,7.16787383077054,10.3119714097507
"Nckap1l",6.16307661637867,6.43334334072998,7.14669631860245,6.59384185450634,6.5660675339706,6.51570715402932,6.25510421543447,6.79968712129232,7.96368843529241,6.44324211124447,6.97783571720487,7.63628233393868,6.78587257323395,8.09474816535059,9.2946099084836
"Lpxn",4.15395612027304,4.69540854372983,4.94861205289335,4.99129958176134,4.307234759811,4.46132997397762,4.58622097628349,5.30251784240129,5.75677180198393,4.94804271583432,4.79959191287026,5.25696064466712,4.97177162727106,6.38859358932354,7.52517228532319
"AW112010",4.62779057570758,4.30750984883704,6.18255046959579,4.65843742005584,5.82991747123663,4.90334735522531,5.25319975187315,7.22139760200664,8.76687528597896,4.5153114812353,7.47241853091213,8.2145054957822,6.69149746846492,8.32459301066205,9.60248313417708
"Ddb2",4.85218654312829,4.81862781515495,5.39935629173583,4.84408503031075,4.13151918981512,4.58777714348257,4.36024994405,4.70149533410919,4.85326094061925,5.12038936095619,4.74825391112628,4.99803794815208,4.81403552416425,6.12411881791657,6.34902120193808
"Fermt3",5.29654283349781,5.64189969841465,6.5381825408723,6.12233519205621,5.44019990557122,5.66400170632982,6.02305304763237,6.34025515921067,7.02326662422307,5.91800134115337,5.95179303467083,6.57564590002407,6.29303166176103,7.53111757167346,8.60419631573257
"Ms4a7",6.80711250038978,6.9732166900324,7.03649855265795,6.89164068912167,6.64251667719892,6.32339465849205,6.22697560272493,7.3374348782436,7.75094036717321,6.79878214956954,6.50866303189035,7.23267417289378,7.3062756628826,7.2545536890313,8.26342543947051
"Ly6a",7.89002127672158,6.99649795171406,9.57598745866455,7.71224998086869,9.17804302698561,7.24192927715321,8.07441065675437,9.25035107390563,10.7971998108802,6.91764377682121,10.1939488430391,10.6095933577561,9.83386391183915,11.1292722554186,11.4542822739676
"Adipoq",5.64431538087597,5.29569117495244,5.8656818341145,5.53733974504208,5.8656818341145,5.16716903342801,5.64499478323815,4.9481531881939,8.21069475447993,4.78848979021794,6.32259677846037,8.42335577086711,8.00865711231097,6.62418065480706,9.22153289321363
"Aspa",3.46258109291364,3.27764407037478,3.53470927736682,3.09670366317819,3.11765285295332,3.15894238994208,3.07542129652024,2.90904783951775,4.99447911123063,3.01414634200755,3.84612183694296,5.3957208440288,3.75686026387577,4.60038953720473,6.86523783393205
"Adrb3",3.83409505781631,3.65212265295885,4.77080936902059,3.98753145856772,3.73583406576889,3.51001558210815,3.60261110472895,3.52404486255888,5.1197817007376,3.7128943993717,4.36994167915392,5.50642581525403,5.31551782072168,4.14573235005513,5.86372367928415
"Aif1",5.64846492431231,5.734656006849,5.4321838221005,5.54867001166573,5.63160911836718,5.40442314821269,5.29735654368766,6.49307103588305,6.93634794418718,5.34207651294788,6.35754625932403,6.6985307293105,5.87130287397841,6.40345218240451,7.67045357408166
"Pnpla3",3.93813987140129,4.41325743928522,4.34963395289462,4.12697942575477,4.81145158006545,4.3850049448379,4.80055024569943,4.27432078996309,5.85697459177064,4.3882432767615,5.78219277988203,7.34331572021535,5.76861382983144,5.59940735374723,8.57412550209797
"Steap4",5.83941693444506,4.68500515099971,6.1199830469957,6.26941196600516,5.83427156780122,4.78193171073661,5.53767296986596,5.43441988395292,7.40447998939776,5.16241367276837,6.93769697058989,7.61431682637613,7.25055508290085,6.63488044294831,8.52396065691447
"Anxa4",6.47974676068286,6.20100738495735,6.94023331581965,6.77873429283834,6.698262217413,6.3404791431974,6.2378522065021,6.78779676258392,7.64172637420361,6.35105029879103,6.63778071475136,7.43784037014139,7.01243342959325,7.54953273723097,8.73608782000955
"Ap1g2",5.35079167193087,5.45298262417556,6.02633403987845,5.70710917544267,5.36689253576918,5.489606361006,5.39061335455953,5.65665929716884,5.88001420341344,5.46467224531386,5.65607084455032,6.06286483853741,5.97941913629586,6.54451317351371,7.49278626528866
"Aqp7",4.906750475628,4.54641367977062,5.22128055894001,4.72943753072389,4.45323980364135,4.33320822494547,3.94011408308493,3.90513283787949,7.01862021705402,3.87151423947976,5.38179393811399,6.93869987017689,5.15260611817644,5.83011532157056,7.98634453883751
"B2m",11.0789005003024,10.3872198018147,11.8501142032445,11.0464266027565,11.6127403893319,10.6356822226008,11.0035950120478,12.0264475281215,12.7015393673525,10.6424898282593,12.285123903001,12.6235193144839,11.8601098453621,12.7742996639334,12.7987622435493
"Bnip3",5.84999021810436,6.0898726724062,6.17401542582572,6.39226342084533,5.98983493793514,5.88616038455241,5.97014611505645,5.57716566875573,6.65540623596957,5.82500088012706,6.75756828705786,7.4451310503023,6.25344640958128,6.95735542770196,7.44668012504602
"Tspo",4.91117138546594,4.95493836287015,5.94356373038873,5.65118984954298,5.66411628355853,5.30144977122048,5.15676555784628,5.3565225435458,6.6477146819837,4.89859142158443,6.35303660011791,6.70496559091506,6.23035482563196,6.56164789243016,8.32810781264527
"Serping1",7.30505168754059,7.00643447446097,8.49688917315714,7.81632581916127,8.15357170431521,6.63567345774472,7.39551679835988,7.46770936144792,9.40346569266791,6.7988396963176,8.46667918128012,9.24534307013491,8.55160603444525,9.76254223844279,10.0939303323756
"C1qb",9.29310724645069,9.15253928923605,9.527340968148,9.59225959638693,9.21191068170185,9.31705639394958,8.97844589172147,9.69027678770589,10.4788338976799,9.38421264734382,9.59225959638693,10.0093113798702,9.95900851781627,10.1421094132251,10.9405653479187
"C3ar1",6.14350640150615,6.23853734770984,6.44326169419956,6.40344534519198,6.23500142482699,5.57438566246109,5.69761478340916,6.13723257266848,7.12983935933112,6.1793067904947,6.57279825216886,6.74364763513652,6.22763388601778,7.40551382906833,8.33053620163746
"Cacng2",5.677148327755,6.13733370466028,6.09525125986018,5.38875672637937,6.32127562518688,5.87393198120073,6.377148188859,6.44631703383067,5.80254426504026,7.08298307383424,5.74802520114002,4.73375218397055,5.25975601912116,5.28735878041367,3.77761321700169
"Car2",3.8518221697699,4.38632789951372,4.96627568849528,4.67062321096271,4.45247871155758,4.06178982507641,4.02400505123676,4.73239158199571,5.29090897886377,6.63375196787014,5.22998851820839,5.88838432644658,5.4121080059324,4.75790249870713,5.93279144171084
"Cd36",8.22739330014799,7.08166664513174,8.94614846854453,8.47180913372333,7.47951355364008,7.08253971509417,7.17528041696827,7.1281223486127,10.0517986076238,7.32921889684173,9.02101228945298,10.4089175364826,9.14161474502605,9.19550221462212,11.1233021891029
"Cd48",4.67325516108677,4.7415034180525,5.81537034661242,5.02973544028677,5.02559055345402,4.84660119848934,4.90244312722579,5.32906387855081,6.39929197938311,4.99263640092664,5.29397953154169,5.98705360335922,5.72267160353444,6.68639227312374,7.71106180083401
"Cdo1",6.57703427333799,5.88399783426098,7.32358702607807,6.74906427829392,7.86465132017544,6.1674249725609,6.71191597126,6.71458598273765,9.01593501689365,7.202655833923,8.30358503384891,9.37809015105593,8.50347679503718,7.82282773618632,10.7700873103946
"Cebpa",4.07265625870455,4.40560611479663,5.6579775375151,5.08288729620689,5.2582060658146,4.41395190294318,4.69544067974091,4.90710618166743,7.13291664327158,4.79446816561553,5.62481990109719,6.83306268648697,5.92688183567681,6.12525539426133,8.06021938361026
"Chil1",3.03966930692523,3.17795140561937,3.23215357592171,3.25798925044467,3.01455038326194,3.64418047328781,3.60894011706081,3.1699855646583,4.24335347965621,3.57990083267684,3.95800713871594,4.43028421746043,4.53921622962127,4.34182833244939,5.55756241103564
"Elovl3",3.92041104741196,2.83650335089265,3.84545669597112,3.75695443078996,3.86847285424846,2.80640248437326,2.27523305748287,3.19948267703545,6.92294681250565,3.49612949176758,7.22909841073538,8.00140020628058,4.6355180166994,6.33790109003626,8.84909020141383
"Ccr5",3.9463343838732,3.48766884009046,4.33476776576373,3.99537983657947,3.99269156273741,3.91955189602488,3.46094126982401,4.15915362563283,4.94508466498246,3.4495305432042,4.46753098014506,5.02340591620554,4.32504994988991,5.08836363583367,6.30692366045579
"Col8a1",6.07957154839089,6.045727287249,6.04753305277775,6.07574970914028,6.77212010021798,5.82148693327456,6.08821179383078,5.81331328770338,5.70694321081605,5.68814465923209,5.17134772696871,5.1658559276432,5.25733708977823,5.4365411578364,4.8202998918007
"Cox8b",4.97541662378833,2.37013766269008,6.23106923280542,4.16369360078394,3.91870774060073,3.23432652835126,3.27376279481468,3.2158986264101,7.69867501382514,3.57269193179562,6.38717683905587,7.46236749551147,5.81656818710193,5.89766905508709,8.90033618646711
"Csf1r",7.13505473194826,6.90698419801476,7.79287903858062,7.54756134753139,7.39102590539126,7.19551927819265,6.81863093918166,7.94194296858214,9.44858774905688,7.07101168487903,7.62650698867178,8.50164291689888,8.15997284882983,8.70821380225147,9.49704936078106
"Csf2rb2",5.79219587956491,5.57495182660097,6.66919448326332,6.18387319400755,5.78978919181,5.79327913633395,5.98698094543805,5.97598415426389,6.6022252859232,5.48299775822729,6.24234134068423,6.89359118514524,6.22113630570984,7.40930192370121,8.32512892704987
"Ctsc",7.66562816507216,8.0955406918067,8.54698287296982,8.37963770658889,8.25384036544486,8.55253024468117,8.22027847189323,9.29614321566503,9.66662934115906,8.50957220790162,9.0541320859532,9.43643052253682,8.87478687956366,9.29167199951234,10.3361847305719
"Ctss",8.79029543113829,8.25569564226326,9.37802940095998,9.0768113618755,8.81367779198724,8.29421883876104,8.34296065336036,9.56413909573267,10.6818680164366,8.63854498399976,9.64172790628921,10.3556584837073,9.35209486718967,10.5836555558736,11.4701059424399
"Cybb",6.98047949781775,6.86151643513499,8.29494927019227,7.74153685184343,7.70153220128684,7.38274946765091,7.53934200203761,8.34238094766872,9.4661222555249,7.35876465771784,8.36904055363466,8.87929432250429,8.2028288175239,9.44397604577192,10.8476883477595
"Slc25a1",8.17658715853208,7.88921239286628,8.27382739169899,7.98377354081249,8.19126159992919,7.92694940736341,7.9314489283808,8.04279144733257,8.85202188395389,7.97331285032375,8.79964796435913,9.47667268101237,8.86673235524024,8.67603370633253,10.2333731679755
"Dnase1l3",3.87564044138165,3.299734986249,4.90553169351866,4.12136759680281,4.81405918313873,3.88888342093493,4.47495825535411,6.02609521324594,7.8016594995064,3.83410090869187,6.70149449915831,7.35024012803668,5.41407639545214,7.08106835216638,7.93373064430398
"Dpep1",4.09767194502696,3.20677295273807,4.63187482350576,4.04235828558006,4.07114083836404,3.48789738641539,3.6897197672653,3.7182336528243,5.19439300087114,4.66935549231208,4.60499957568179,5.21955667396046,4.68781985279096,5.58182495462559,7.34350319383894
"Epha7",7.49224934877142,7.77321545516824,7.67146360347997,7.69692363912741,7.83694496005023,8.4607963498391,7.77010041143429,7.93293278724759,7.73088809492546,8.2481895342131,7.97803099536613,6.8991913596772,7.42460253875265,7.64343138699372,6.0592028866077
"F10",4.77248429016156,4.44760962882001,5.30548182986654,5.22389163942522,5.87983827194645,4.85182915522701,4.49066490607916,4.76632836000032,5.99020619004661,4.78696758972275,5.47481772624966,7.1719082356111,5.32782222581123,7.23702372469221,7.28280431230342
"Fcer1g",8.77173052465246,8.62455845007278,9.20773945248175,9.20580973924145,8.98042163436114,9.11996119470361,8.54597229840832,9.74389142732446,10.2073246688227,9.12128935301324,9.35585804565321,9.83812513655132,9.62048155627722,9.9562235617467,10.7910586124446
"Fcgr2b",6.30590647875536,6.05553295123014,6.92291882559738,6.72247376280894,6.40737553171916,5.19083254751544,5.84642351639038,5.73729158298234,7.61363709943185,6.15906758584138,7.37083984383222,7.33584069920672,6.21857756892588,8.01175913692234,8.61837555523933
"Folr2",5.86202716411694,5.22499770080166,6.08608488608487,5.67937394521847,4.97637093075422,4.9876997865887,4.8175458835739,5.33121064879536,6.27102135079104,5.66237486406406,5.97877199823121,5.80117662492051,5.87389395432306,5.74929706688568,6.57570468113811
"Fpr2",1.14761735888321,2.81208564957179,2.62495965741494,2.44077234611049,3.13651057661248,2.87112329030585,1.93131398140071,4.15894299341655,4.90593819709442,2.39459200785042,4.76004434143093,4.15529608145357,4.17654563353635,4.74398078553924,6.70280585389575
"Cidec",5.36289351935402,4.44783365808334,6.71434189865224,5.99573818601857,6.40508251081421,4.53421808887316,6.20442477850273,4.69266761842489,9.05846363015688,5.18825290403643,8.36247682384823,9.88374690404326,8.82105453482053,7.53296743142031,10.5424519411375
"Gabra4",5.90536915087635,5.42432516184481,4.64518553232224,5.04688694584875,4.2383343849096,2.91214647181695,4.49355576707152,5.0437630767837,4.69663714447796,5.53039325570697,4.32688351688448,5.45400740623073,5.62146421980358,5.44205311227117,5.29602875789041
"Gas7",3.81601741548103,3.99579742500131,4.3905509019149,3.60677418278105,3.77305790880952,3.69228367977541,3.46643177399891,3.96086259017486,4.3132685721165,3.44644166672236,4.4663592669006,4.93992757986345,4.10365202317144,4.87545707414743,5.33821974988952
"Gbp2b",4.02353890204718,4.7732031719434,5.51578162630054,4.77438727906066,5.77754280247678,4.46206414506963,5.38917371647024,6.6133995405468,8.57771469005762,4.45502092174123,7.64571415790908,8.07354795780047,6.7055406162616,8.22759398498439,8.90377501606991
"Gbp2",4.17099780065216,3.91603804022959,5.1149474457326,4.93298882183852,5.34929031404569,3.64490953785026,4.53723498944552,6.1184526812662,7.69766291944284,4.00471098728557,7.18140262162229,7.34627340666351,6.27752859787389,7.36497441286241,8.39861318278654
"Gpd1",6.73734451048786,5.34607393141304,8.04828663973625,7.76583755999871,7.75146779788074,6.11570747209453,6.86193846510352,5.70647101704663,10.6535401597259,6.65591396093081,9.94084561701822,10.6847892798334,9.31656924704986,10.2053724365027,11.4152095497313
"Gm2a",8.30371577503542,8.26969564066415,9.19913225831424,8.92097265618278,8.67830320925886,8.28692925263792,8.4376607836935,8.87938438016429,10.0786736650701,8.36661285690233,9.70679974694868,9.98224930205773,9.03687302767493,9.99377678136203,11.0037267073252
"Lilr4b",5.62542031512486,5.32227436865765,5.67123276076513,6.118186588048,5.61007249321971,6.00763011922035,5.53265367734858,5.71712394782044,6.60339278161775,5.0914239346778,6.6398875067004,7.1213322424616,6.60707304919626,7.04710800693352,7.96788467365705
"Lilrb4a",8.55689045126277,8.61643045083618,8.95819622152489,8.82112052939192,8.80324169481742,8.49542726428485,8.39175489276826,9.00404152077192,9.61421841697824,8.66327960550087,9.29997316811462,9.64741928698571,9.17106153869078,9.83233094765944,10.8157918995843
"Gpr65",5.7107894063493,6.07938652237643,6.45817120292011,6.36928403609604,6.21522180553314,6.09220223898064,5.90470994348507,7.01948453422704,7.99479375061782,6.12015475631539,6.60553686799403,7.15900831917594,7.06204753299937,7.60829984926491,8.44592505321878
"Gzma",2.591221957939,2.11489116757097,2.19282512141051,2.25268945115921,2.60951481810025,2.10176195374781,2.42507474502141,2.68239138373909,4.00114423803738,2.19005123402837,2.6317572829904,3.79416676656764,2.95507507527818,4.19179212775827,3.7310886555159
"Gzmb",2.3699161634977,3.08501982579603,2.7000974325819,2.63386962727792,3.10685781554937,2.03654702733765,2.53270560036104,3.43398046867242,5.2226561548995,2.84707911240465,4.12627605362005,4.36464958911762,3.31355203290478,4.66373384353584,5.10644965117112
"H2-Aa",7.04125814595568,5.72730135966622,8.41142957153473,6.51663226074848,6.70771123853221,4.90980762257681,7.01085803868494,8.16683287892106,9.68368330532734,5.56277615140914,8.67206182367083,9.19985081251395,7.73317902644911,9.55716429824227,10.0012487659182
"H2-Ab1",8.77838729667603,7.11357273056663,10.4048934452093,8.40081005980741,8.50141824115993,6.40623796098505,8.53100632424878,10.1653506745446,11.8069549110291,7.27210654384865,10.6177732886252,11.334952513037,9.56258192263047,11.5480209355139,12.1771299673314
"Cfb",4.37070251794693,4.26180873536906,5.86316863048951,4.66721531231413,6.06221596140201,4.50343388530586,5.5303436743726,6.03721956350588,7.50592439132663,4.78315195458606,6.54882457341956,7.54950405760823,6.05707088139178,7.64200158181635,8.73311565286792
"H2-Eb1",7.50116401810111,6.60582952930505,9.11898539065796,7.42943588818126,7.16761335654403,6.07805021726984,7.24464444479792,8.37243262403874,10.5324247395998,6.11085117078465,9.26642054680357,10.016280661463,8.06793662060964,10.1046036885185,10.9238135856819
"H2-M2",4.00932640276471,3.78021086012538,5.73014632246051,4.18936386948428,4.42219036477206,3.71667359086398,4.51829720561317,5.05856015996583,8.3917253007631,4.41537386291581,6.28877142205306,8.11843451123957,4.88479012366908,8.31758639753521,9.51175291145481
"H2-M3",4.97673161463101,4.59942716282105,5.31006169971954,4.33011244535788,4.83944104629679,4.56942899270479,4.91452096999269,5.22246288442314,5.71463151914566,4.87761319155742,5.11832811938696,5.77589597973146,5.14650815412903,5.92971062311004,7.21213676588975
"H2-DMa",5.49229884670483,5.314956555363,6.30214393180503,5.80691852079831,5.79872409873406,5.44601867233777,5.52266878475124,6.22145985113915,8.13786610022627,5.35408865085313,6.72235514144428,7.52069575630514,6.25427816720211,8.12322202445605,8.71122938729962
"H2-Q5",4.01245036655119,3.9070680723047,5.70169421744445,3.54361438807634,4.43675190738829,2.99105547305253,4.38325166091622,5.21662093929549,6.079966556991,3.73103361253275,5.3018072931066,6.73710856927029,4.93751202775958,7.40932736727476,7.91790308003428
"H2-T23",4.85653619403994,4.81321052628006,6.24846810791489,5.15439379234225,5.49767231887891,5.32882317936111,5.01221792079026,5.77333248282383,6.99084056441174,4.98991356308623,6.00246956795736,6.80219107436483,6.04108822272659,7.14900325369711,8.20899803808658
"Mr1",5.27587592460616,5.40604104923444,5.61688820783231,5.6188404783361,5.71216030829557,5.08842003534084,5.4671487513676,5.8811142107133,6.57083367786736,5.20598928759609,6.2873080307146,6.9533865592062,6.07036251359511,6.38629501028128,8.45013921739603
"Hck",5.50394103632669,5.03738137677206,5.69147571986671,5.82761495412894,6.10058889081492,5.89793541566485,5.57606007861213,6.87873131952926,7.26091137807987,5.98673914815875,6.79350871054902,7.05972774305404,6.48917309997575,7.17384452865311,8.44393756338976
"Hpse",4.62685930862836,3.76262407340464,5.5766356611963,4.62473806686254,4.75315652518194,3.87492542481481,4.22771369754539,5.02553978876495,6.84836059974277,3.91440463933645,5.4645025271171,6.36470751883375,4.93151968093159,7.42948623350786,7.99815246210831
"Ifi204",3.59549340656873,3.69592870207114,4.60587572932189,3.73667665794612,4.42030109501044,3.14911264088399,3.68296124567634,5.21610575229462,5.58078778105214,3.66432874473151,5.23243802060201,5.36680319136334,4.68053580348294,5.9081772442563,7.08835645109379
"Igh-V3609N",4.2613894021304,4.3183488072319,6.50117917899072,4.94236437055842,4.55277384935771,4.65758975194028,6.54329492779929,8.63172912191994,10.1731794889242,4.11751730043745,7.30515952956459,9.21086262135613,6.47415420043048,12.8830603671252,12.6870963040247
"Igtp",3.36036052591397,3.18956010720722,4.87771866553724,2.5984579402353,4.35441300692572,2.7537402760411,4.11613767277888,5.38960356640895,7.42506554870885,3.38495501860628,7.42016028490897,7.91173124759881,5.16479091363978,7.62795238272767,8.09725399021212
"Il2rb",3.58471176242095,4.20819070959474,4.74175270349462,3.74201821868094,4.00972896106927,3.57909817444285,4.31956577776819,4.72938058672355,5.90713104084968,3.76319671641144,4.54813521731681,5.44057445127035,4.65679951033153,6.44701971290429,7.43818580020256
"Irf9",5.19240604049623,5.59979048542289,5.73097013464163,5.8599682970297,6.08846315805489,5.75702253148218,5.55901215517364,6.13632515129416,6.67941042657769,5.5545116847718,6.70619919391899,6.80470931953236,6.08846315805489,7.21152713395145,7.45327410318399
"Itga4",5.72046831962799,5.44990042009179,6.79465754539844,5.48989052807292,5.95119453339664,5.36870776870527,5.86942748997808,6.144783970106,7.06102622994043,5.5080094908742,5.99181925317858,6.56060987797929,6.38399950646779,7.89053519263666,8.64998438835037
"Itgal",4.8237948325822,4.32112872638677,6.4712850011621,4.51202120240507,5.16641524417096,4.30311299043189,5.21914689758543,5.75296223839604,7.01428747365222,4.54588852689879,6.005342799788,6.52827223520538,6.24917661183913,8.09055460220811,8.9070955365603
"Itgam",4.86015598417034,3.98208409105708,5.75096461897151,4.64896685284437,4.77285352583477,3.64336885303208,4.57904199325813,5.1676043387312,6.41094345057394,3.6677031273822,5.98896304867888,6.66717954813369,5.49152759269119,6.48125778806078,8.26936059060536
"Itgax",5.4174432284462,5.06443543613994,5.49119325414001,5.94797426347585,5.43297198942462,4.87012461811904,4.55749870472985,5.90672509619074,7.05039878969077,5.05719066190895,6.54626380698475,7.18186034689982,6.12031374193452,7.36294246071567,8.22096818715093
"Itgb2",6.52662908213353,6.6363781868117,7.74566632491253,7.01594453374949,7.13849121769336,7.28070811036284,6.86902141540982,7.66532962255041,8.7223969554871,6.88660568651574,7.76625938526582,8.62320638467482,7.64409660863778,8.93846889984354,10.092002308646
"Kcnn4",3.5282629322442,3.60080735115376,4.66946293325381,3.8291771707168,3.92279719901588,3.33316889950594,3.70660750179844,4.41293150876339,4.89493570535364,3.85882569226727,4.2455229394844,5.16902957648965,3.99029729854289,6.0648608233866,7.03345108205517
"Serpina3c",3.14539525551762,2.96403081293838,3.10218704580098,3.83541049433584,3.83541049433584,3.43538000305632,3.9590159185806,2.96254239704817,5.16324231227554,3.44834058034545,4.60543112394364,6.33941782105481,6.10832417635506,4.83307998158897,7.80042949253777
"Klra2",2.90690622344421,2.71522282446961,3.65984392770438,3.09161725505527,2.93551532009887,3.04342556778378,2.98802482577378,4.75276202735121,5.81375517300649,3.5057116302348,4.59917937373202,4.8918348098243,4.20839449359555,4.98687730628555,6.46943227895472
"Lag3",4.65448846384313,4.5700047844341,4.64264695831427,5.1415128181837,4.57083011318784,4.64820694925469,4.36281003780787,5.30330526181798,6.37232158207411,5.16354431524386,5.1975882119134,6.3149968068665,5.43509778157091,6.27855059099462,6.93725042892857
"Anpep",6.69627084170801,7.03181925642683,7.26729554845325,7.52387419342578,7.21462091138067,6.69650350498897,6.8957928187551,7.12390420340616,8.16010049470343,7.16793888928995,7.25598716025964,8.02645220050901,7.34518495006788,8.09188650363959,9.17632150245797
"Lipa",8.08500541601436,8.21597102412518,8.70329888199965,8.72175039474259,8.46469058298926,8.39593505680835,8.04955957499451,8.54846287536079,9.42903113422598,8.39810319206184,8.55698523332702,9.16182907150838,8.92257973837119,9.32370245537809,10.6428407039523
"Lipe",5.43558855889769,5.11011236849404,5.68697914469021,5.426015551196,5.62230094290706,5.07350777126399,5.68021573055322,5.26908378998634,7.48920868196046,5.17900952123151,6.41163070226629,7.34006598944002,6.44481965958287,6.39988986356311,8.09766457758201
"Lipg",3.44840866020691,3.19257608062767,4.08337360456848,4.2183485085408,4.41395190294318,4.54496696975429,4.4200305678619,4.73853702932321,4.54496696975429,4.18952603074281,5.01621865728839,5.73607881074025,4.67270961079191,5.89708357063255,7.32690335404912
"Psmb9",4.34410567412283,4.07676412570894,4.99333793659428,3.96117959923716,4.23945547464484,4.11970866193059,4.3651884652296,4.96437253599159,6.85882593784206,4.29379103371124,5.67956065444777,7.29813681269882,4.96437253599159,7.28463241241819,8.05366808117556
"Psmb8",5.73194031060798,5.55464394381051,7.09611025423156,6.08792939253435,6.17087033680934,5.6759563368156,6.3246768735992,6.70502191295225,8.4864785904454,5.82255620564227,6.99776038445201,9.34001370302052,6.57290417840412,8.82842013147716,9.54554580299743
"Xcl1",3.12076864536849,3.09149241492371,2.88521895542553,3.53175055939503,3.45376836640177,2.84566241828921,2.98072847135514,4.10583233174991,3.79324707177924,2.96426434155465,3.95680183905867,4.24506204736635,3.64484172234526,4.61495866934526,4.69065832437093
"Ly75",4.86071869539251,4.43029820849779,5.17298718613611,5.09060327879908,4.75143906021112,4.79823560940567,4.72724212456465,5.16564081981363,5.6346053371172,5.35938255881919,5.37678671297104,6.02427183368918,5.25676319871467,5.89875530650934,7.20121587019172
"Cd180",4.70312757759465,4.82622196164011,5.75927718277079,5.38602069874764,4.49543896018577,4.61805442537961,5.08404990541486,5.64306984041018,6.52251825806541,5.10709180304529,5.37322030283349,5.71039510315417,5.5632347795304,6.63564943717957,8.06642528811247
"Ly96",6.02591036375884,5.79132756184404,6.38745022631893,6.47990428185604,6.41334382163374,6.04899738400418,5.92322429928563,6.31858324607358,7.33471512258574,5.9438905433917,6.75693536146956,6.81596295717781,6.78890867008167,7.8975114753793,8.70128926470184
"Lyn",6.39278292940555,6.14849911600546,7.0536711993426,6.59443065744374,6.53295179898375,6.3982839274911,6.33881387838319,7.01667390793641,7.85905040284173,6.4469645732893,6.98532189443041,7.28564937718679,6.92275100867174,7.72905015546021,8.79161139055022
"Il17rc",4.54882756230688,4.49129955873882,4.97733086480476,4.41527473234301,5.08740610036277,4.28877419153153,4.79318628074009,4.91146168303786,5.65109722049493,4.49136858559483,5.35556727319371,6.48449973466948,5.01582722845994,5.80727442007482,6.42542429323967
"Lyz1",4.3405380731296,4.3102962221189,6.65555903060985,4.88223748221197,4.32055307829969,4.14539770306528,5.63328675001657,4.56426406344561,5.71335164007225,3.93312560698995,4.23861500787372,6.58111925596719,5.96186455699912,6.42357446205923,8.47642977347954
"Marco",4.98135282792803,4.98080614471766,5.860372246167,4.73560069017519,5.01139898083513,5.06739864672163,5.0180853354066,5.14605819206019,7.18234430089656,4.56355997293754,4.57805712959203,7.29533993781651,6.9103812563521,6.62618636758215,7.67659477319408
"Cxcl9",5.57999570825667,4.49030387798131,6.52747431991163,5.30318309722811,6.9762811437616,4.49236164168625,4.84835634659802,8.82577204828749,10.640973504413,4.88028627618233,10.1111753744623,10.4437592540269,8.62008849229561,10.4222106186153,10.2467003330342
"Mme",3.64696710944468,2.97374802124267,4.74156098859737,3.37690831326919,3.41873737442378,2.86526598504115,3.89953920076938,3.62325179968247,5.97335455807852,3.51201400524298,4.9835813690609,6.24472316726537,5.27340239733499,5.82907137649851,7.82538754392301
"Me1",6.18097519752572,5.10901802075999,6.65554927904408,5.86947003830903,6.7704174680581,5.97832010500319,6.38351518143337,6.10648206599989,8.5354171060946,6.69057820367998,9.19257737414687,9.86419039651672,8.52146935122634,8.02905515446232,10.5959842838013
"Gbp4",2.88963473679191,3.72605165526693,4.24164017834405,3.08254266182769,3.43887173165088,3.57734104345807,3.85031372487384,5.08208923233119,6.63019218173094,3.65269461573225,5.85513159270932,5.43866736812556,4.67233824647933,6.54915707884637,5.97841324777462
"Mpeg1",8.14908064177025,8.19679544043523,8.26623431319534,8.60748783182833,8.25710780711363,8.18578402243496,8.01323486324358,8.70546845760613,9.73480696168154,8.4064616700202,8.4108769561075,9.28355349294338,8.90726686930905,9.52273982841141,10.5274718678562
"Ncf2",5.85359037199119,5.74452125360508,6.56158307736603,6.5112308671384,5.98761858709338,5.94076765008022,5.84169049076606,6.20730857677084,6.82489730678335,5.96105040474638,6.20730857677084,6.87708359158572,6.32068845150782,7.03956714057972,7.88353537555003
"Slc11a1",6.78397636860833,6.68748420678932,7.36502835938675,7.41985280752678,7.20055359232207,7.33796833178369,6.62081903633094,7.73967339999899,8.73492154701139,7.01976439229884,7.58408585288739,8.23391821725611,7.93068066761577,8.42686564998631,9.65993899449271
"Pcx",5.09751241633234,5.54638883893212,5.76773809552792,5.33703735763431,6.05241851600261,5.39636959991436,5.74759964011927,5.31891766136321,7.79562085106184,5.15509671538458,6.74667784690184,8.57574537027979,7.43164206326152,6.51036500355085,9.66285925310671
"Pla2g4a",4.79525847185141,4.97387617597998,5.408500265641,5.53084011321095,5.30995429522222,4.85482161452646,5.0988742947588,5.78931477316966,6.50779407757399,5.31534816177487,5.68211688693951,6.15968788030755,5.53795602876242,6.2393773646721,7.29640689400084
"Pltp",9.11292701957122,8.56806771659038,8.99628076158962,9.17105062721688,8.7052305042646,8.57833765665284,8.40619382775193,8.97815670894969,9.70286091676423,8.87872109282346,8.99743141675252,9.33735797568958,9.27143014418229,9.39405195365224,10.3288749243449
"Pparg",5.5599336519257,5.4744734690597,6.28565521337983,6.00110335431546,5.93909901498498,6.06769859392177,5.80184930802027,5.95469772737134,7.73628974379604,5.59122137039013,7.69313876618588,7.83225593470665,6.97688731360002,7.10740149749045,9.03900760548136
"Lgals3bp",7.59007668456722,7.21624083119066,8.79545207571048,8.05610965594346,8.46620241851989,7.90539732468879,7.58568288884909,8.93331285610029,9.57186294257507,7.67470282090221,9.07007288040772,9.72331807390494,8.78266409132367,9.71898707336536,10.3598790890432
"Psmb10",6.87394139449481,7.17581042010839,7.36510083774115,7.04833866183958,7.08483969903688,6.75415926978667,7.07519625493176,7.4497858033746,8.23225901510494,7.03277816403818,7.74210675289687,8.21128356066599,7.4595264003552,8.35279423703332,8.89162451750425
"Ptafr",6.18923988447191,5.97254785343097,6.80566413567424,6.13914629542809,6.6191320303099,6.04223891961247,5.83843261648265,6.85957348818072,7.99503032158069,6.11319527865332,6.26879044087919,7.45122611816993,6.90322272987501,8.15105652264377,9.44483970725038
"Ell2",4.75564306609106,4.9547470541044,5.42750671152586,4.8969957945138,5.63569533834923,4.85043702866761,5.01424201897687,4.76467279318265,5.75302739662891,4.85218630249785,5.53107756491066,5.97313464711855,5.63114868389702,7.72300879772654,8.17517732486003
"Igh-VX24",5.3342417866577,4.88412190786237,5.52335202666731,5.39287092861897,4.30462991823546,5.3347201916916,5.10003673387652,5.67457832950474,5.80750206542933,5.00480218352685,5.97356161621598,5.93838815635157,5.59722871683074,9.9868594561407,8.01773331729073
"Saa3",5.25595608969111,4.05853807785606,4.79149056567567,5.79188365957927,6.01177703205005,4.41573202972335,5.32532898229077,5.05487137999635,5.72156048459006,5.42284559930307,6.47049781271624,7.76876421177135,7.30404082673609,7.8727742361919,6.72914418992272
"Acsm3",3.16016265583268,2.93218024654341,4.12385352100606,3.05579490490801,3.48330307377694,3.45802095362601,3.39555289285861,3.29640478010534,5.3679639797862,4.41763155294196,4.435814978807,5.52617006791581,5.42791395750212,3.78022512481275,7.98646189306214
"Scd1",8.24092578397645,6.92984454297904,9.62713005519448,9.07753788477657,9.49480499744989,7.5469005145743,8.77360242425728,7.50484473290365,11.2808392389525,8.42277334349349,11.1834995780584,11.7289046472698,10.7863687261784,10.6680447046153,12.0960334642208
"Ccl6",5.36798399673171,5.6786770234387,6.60620202374768,6.76554054307887,5.93271159488283,6.3231974977573,5.22462234746129,6.22516734480718,6.91029203661705,5.99918271951454,6.64304788996378,7.33055981513145,6.34970031262093,7.00438029552961,8.31456245600792
"Ccl8",4.90815706383795,2.858487697593,5.12219281621391,4.2947319112297,3.324048261022,3.25699546309223,2.46317615237591,4.95712636198236,8.05641721006428,2.90003875230643,6.89279006184229,7.57457812139389,4.55576311389328,7.34278480769195,8.44970076212148
"Sla",4.92106132680096,4.68908876456168,5.99356756718358,5.11167016948139,5.30376726642422,4.91157397137501,5.12288395149839,5.96355187987977,6.71600630728657,5.07563202408415,5.65447769048765,6.27837385339316,5.79947374070699,6.85228028042804,8.11862620718717
"Slc1a3",2.83931788573432,2.7903757430195,3.83823081188776,3.4230683987305,3.13475945546156,3.06044215790017,3.21812328770951,3.55073285917967,4.65260627966429,3.28831749469101,3.49459707479815,4.65197848048092,4.29214674299402,4.46215973260757,5.98774544474035
"Slc2a4",4.03986796930431,3.72367476110275,5.32480380963154,4.25559042164865,4.28939169648603,3.26900574094129,3.65722816980294,3.71440384021312,5.86218237438136,3.88007256732489,5.59448668699758,6.23594879386952,5.11877357905918,5.82069873567655,8.1249678612562
"Spn",3.87664752266281,3.6944112546331,5.36627183321176,4.13084830949646,3.58310740739769,3.78522393274137,3.68401534185911,4.46849454838977,4.78499495259943,3.46264318302727,4.03363825331551,4.99002158754368,4.75237386229034,6.13120143312849,6.64341206484584
"Stat1",6.48313685189998,6.40470112678504,7.61767314640911,6.76343441088519,7.33938167429925,6.50880503757031,6.9281715323664,8.56756476785747,9.8049810910626,6.44599607018331,9.38059043045613,9.4849626952048,8.05254129287531,10.0063287385595,10.4467859686247
"Lrrc25",4.77893641706567,4.91394432112767,5.30946040557689,5.5900463918401,5.18162447985579,5.15021763260066,4.58762492667482,5.49425155740502,6.28811925705754,5.44407766202131,5.21562577805223,5.8944347625436,5.90804472878486,5.87780165135225,6.52698679858509
"Chpt1",5.60503101852458,5.05014066372061,5.43001898651384,5.25287394023865,5.4072491622341,4.87261074452882,5.21141958193621,5.03982207989064,7.27609957763644,5.74246389995788,6.74942012465298,7.54700304263341,6.70250650660999,6.10129545323887,8.40558361948517
"Dse",5.34991462113722,5.14993686905496,5.60029352067666,5.5841632801167,5.21508263412433,5.16552692309839,5.01993572932496,5.44180712056801,6.79789669370957,4.91781122773495,5.45421730018877,6.07510742027738,5.79352147614538,6.45305833957017,7.34329647274296
"Tifab",4.59506219596546,4.30694120335304,4.56702217802374,4.83931547782212,4.7753617594034,4.33271677780296,4.1881803481618,5.17463219120381,6.0083778099574,4.32559259724132,4.66045909531688,5.56103338930088,5.01782025149439,5.81682986444072,6.71121430614959
"Tap1",5.12369335186802,5.13354161645889,7.16172400728275,5.9161245126947,6.05570896281277,5.36318329989829,6.02865213015409,6.9518295593794,8.65356339481692,5.20131377925179,7.55730420104305,8.8811303202655,6.66777367507544,9.0554049551752,9.728118933441
"Tap2",4.23948432482849,4.14326468883845,5.45457593244631,4.03868696409068,4.44646384659378,4.13307905599539,4.35269370129989,4.5867139261601,5.82895738637239,4.21888094012195,4.73799228413338,6.057880772451,4.75367604901592,6.41515749044172,7.05034934617327
"Tapbp",6.33284513547277,6.38402921036598,7.4315276225735,6.7494750968397,6.88243263675952,6.31245119934358,6.7690578748177,7.12217716371455,8.04809332645833,5.90916230386887,7.80466274989793,8.04757807327814,7.26070707660532,8.39498867936848,9.47396091850217
"Adap2",6.19685012585848,6.16876242872611,6.49734042074637,6.48280066396043,6.06235009219183,5.86449923162006,5.93731596642098,6.46539663257308,7.62176014195554,5.812249507874,6.00560921979738,6.77893255810445,6.8853088032485,7.12208238583346,7.96179178203201
"Tmem106a",5.07572978316972,5.06173444811598,5.68430212388689,5.45941728262468,5.52439969094196,5.12271409813828,4.82184082730585,5.80797642083154,6.60056346011316,5.33009767700967,5.56912202683386,6.21722659407063,5.76362685384322,6.1999465568215,7.22064614060945
"Abca9",4.02652713531574,3.41272861218506,4.7689558883749,4.0849462930748,3.69560904722949,3.6083608999383,3.66193931912139,4.30027240326748,5.81992440934354,3.73936565721296,4.77823462225815,4.68564791215597,4.74477034982852,5.23320837245899,6.57198296168807
"Thrsp",5.72677680533227,6.0592822366428,6.91035444197114,6.07205433306397,7.03218576316119,5.6340943226503,6.19619623489323,5.29708452439172,9.95130791925937,6.33322024177081,9.17182108170459,10.1231599406676,8.87605542111781,9.1405088471676,11.1073065321021
"Tlr4",4.17405533803149,3.83148408526961,4.58683558740324,4.78553746161003,4.31878847658811,4.26525968027576,4.00744969510436,4.54523093900151,5.0746663374181,4.02261968975677,4.55667010558964,4.84241024186662,4.82122745623868,5.3153988756363,5.8340753702892
"Otop1",4.43593285209987,3.70042305644606,4.91578398780601,4.42491960959317,4.23524217204389,3.88492078589781,3.54567298281051,3.96102102685255,6.71301224905447,4.2276312737993,5.98514455029858,6.30895453839589,4.82745965315791,5.64096529173261,7.77631159589479
"Tnf",4.1338483254482,4.61924286349734,4.53716199992125,4.33910001382754,4.53855729386848,4.13539453997105,4.09369665955623,4.74409627740979,4.97530748778887,4.66541788839835,4.86728888326907,5.23515759514996,4.44962105304526,5.6055228706399,6.44183105683205
"Tnfrsf1b",5.29629139749417,5.65930044904516,6.26846084675692,5.67548109939602,5.60745856145929,5.37960393364175,5.34410698249708,6.10614097743178,7.01220570355117,5.34920108534741,5.88972715571076,6.46124050773656,6.33554728156058,6.90184677546208,8.19407289205012
"Cd40",3.93109676083556,3.75889593851589,4.68776117969954,4.17558260170403,4.35095363328868,4.02975624708261,4.32265949070815,3.87232977050273,4.67957741099605,3.99619652286332,4.56951345325634,5.05305874160848,4.53689609978699,5.62948861591321,6.09790241795957
"Nr1h3",5.80509996208403,6.31150860918034,6.07582309589355,6.58657857151933,6.14976443539392,6.27632113906557,5.83145158344024,6.42580513730566,6.82400881849012,5.97634810795962,6.16420823550997,7.25843917841017,6.77311608978181,6.65593042449209,7.88430016583588
"Xdh",5.27386408469327,5.31742557129915,5.39561267310383,5.55465302795124,5.56645700860267,4.84886856851573,5.35132763785824,5.46924430176343,6.87004901447586,4.9036847675436,6.11587833047263,7.05342518088757,6.25491750213801,6.61609050681099,8.49565814523677
"Pla2g16",3.75698437558978,3.2640611369983,4.77774508495141,3.55427837614767,4.35733939512258,4.04052352663197,3.56781798563927,4.35667517508849,5.88180695509889,3.81360945250262,4.67237475831283,5.26851624464663,5.07916474501815,5.15945026510563,6.55683847903405
"BC028528",4.19077687060044,3.79760082597604,4.5819490474096,4.48130688118519,3.77840267606175,3.61137423268927,3.96696517349366,4.11938190372221,4.70457249648375,3.87968710687237,4.09724074072709,4.68414809773117,4.22170877362589,4.81368864994975,5.55514219907253
"Gbp5",3.75995556567186,3.86020675372754,4.38966920286961,3.75344500359972,4.02256819008289,4.12338614118593,4.12559428601093,4.77283161780346,6.66997737670027,3.82016219992957,5.57355271999175,5.90138747676385,4.85183951875254,6.36710019621424,7.23763319942741
"Gbp7",4.92599594633977,4.8600599938503,6.05959194685849,5.49758217349448,6.36420410827267,5.28058025191796,5.61646223462384,7.04727695197473,9.03185433326198,4.8350669842245,8.63709650699472,8.64343924115554,6.96101859258937,8.96390004331541,9.45201190643809
"Arhgap25",5.93468164981198,5.97691823542467,6.73890540114249,6.44611714010489,6.29348837492699,6.40244575355252,6.09617100859327,6.8314971057468,7.1593336474008,6.08601160865829,6.10272125808056,6.92502840136222,7.00635005489171,7.4417770303836,8.6376812688567
"Clec12a",5.91699369763386,6.02813970006527,6.49650116394048,6.28206721377298,6.04899703379434,6.14916905977816,5.87884577669119,7.24270823902032,8.01524534402128,6.70193924091134,6.88829297572867,7.38541025388506,6.70706685790115,7.76555945187848,9.70758501757987
"Gys2",2.97801465934255,2.75196739153791,3.81420707100728,3.8963523270445,4.3606532124459,3.16976096396905,3.05775128424916,2.58660112614823,6.07155130560466,3.68276914631289,5.15438907098568,6.39702197336877,4.75199872228746,5.37582751630204,7.41278398837983
"P2ry6",5.98153766146615,5.86682852476611,6.6306682986057,6.29979906497877,6.19141316605597,5.53255669344613,5.62453118901017,6.06894415417558,7.75549680244541,5.83753344691282,6.73841225560721,7.00625397775128,6.62216720330412,7.4271651919991,8.34909026436565
"Tmem45b",3.67988446747282,3.44481109284869,4.53194130343275,3.50098709235249,3.69584097353487,3.47629529696174,3.26140703312521,3.15986708593643,6.55000539468875,3.72313032605056,5.5850605204304,7.15296508713181,4.76125799033329,5.85359037199119,7.93887776651744
"Gbp9",3.92775729982562,4.24643474995903,5.98047016857971,4.91793268865497,5.7610582597865,4.24526113874881,4.86774976292482,5.99473720003506,7.19170599563518,4.22526610849719,6.04439330207136,6.72762098383403,6.10372516104302,7.31936076875633,8.21139497771051
"Trarg1",6.05575811612642,5.68718214209197,6.46690585247326,6.99524179663708,6.21406822131502,5.3793457646935,5.91863476826184,6.08387205037945,7.8113173355853,5.94857566269068,7.02588750641773,7.79505906424263,7.20642875313198,6.98175695539369,9.02961385847538
"Bves",5.65494840083344,5.99322105890919,5.35535818469224,5.52929540563898,5.80749372206461,6.2605911211657,6.02849960085418,5.90693142965949,5.24172910851834,5.57274544709445,5.41019704602431,5.18218148009307,5.58398883376638,5.14776373119688,4.19357017778932
"Gm4951",3.12231549078762,2.39955275063436,3.27691825586073,2.96669334215876,2.90389511699012,2.45705652390676,2.72943281423504,3.74941350733234,5.86685171766543,3.15898869396658,4.91709103897124,5.20937985921191,3.4759461702922,5.4521128864682,6.40608336317824
"Ubd",2.74419919377713,2.85989164750657,3.07310554464212,2.67807754136828,2.78337883439048,2.50600895871082,2.65273348534739,3.11757867003687,4.57591011633167,2.8040526060354,3.58141971502177,4.94632194889976,2.84072610502047,4.21393477895413,5.10787176046398
"Lrrtm4",4.28348518320673,4.85549371953512,4.43554397554135,4.52524694487442,5.70714248357885,6.00644731429974,5.28852452976795,5.25900643924573,4.62252728867119,3.84652712784761,5.58825160326361,4.70272954569784,4.77471270325158,4.32130929625734,4.1657381312359
"Ppp1r3b",3.45353965721138,3.500226564492,4.03864148831464,4.17320536552426,4.41461674589111,3.88325798435763,3.8189453384845,4.2888409000798,4.8158433842433,4.18154408166611,5.01922043603038,5.30759291960454,4.69784006370312,5.20695393763227,6.85617999145845
"Slc36a2",5.12852061422185,4.33348232979127,5.46875487333684,5.02787750453142,5.0183296287551,4.2628931332293,5.10614318645799,4.74913775942099,7.10276781177381,5.06780734908249,6.23579377383301,7.4666848542953,6.60042906727086,6.04667223937768,8.53925481794349
"Fcgr4",4.74078032945862,4.74534945950983,5.41167374245647,5.76422792187928,5.56319097022115,6.32468122073499,5.39500272216786,6.62620716866688,7.39550010382869,5.75707657703331,6.96546987226576,7.11557498391966,6.45623423312089,7.08940689106599,8.8891374454539
"Cd300lf",3.3720404709154,3.66585353327874,4.15632491728515,4.07206390673538,3.64822294882526,3.98969427808205,3.78651904954008,4.27013302331203,5.12348698261769,4.11106909014163,3.97567871104882,4.8978382014389,4.18002443849252,4.99207811493275,5.33770387366062
"Adig",3.68122146461491,3.6367933964726,4.59508152587386,3.80847935620884,4.06764564073026,3.762532041745,4.06709199973931,3.85343907336937,4.96682140792514,4.06853053513788,4.57070453519009,5.68479037953269,5.29633906509816,4.13594329572195,6.90365532191295
"Adgre5",7.15905058930648,7.17420390279085,8.16190072559385,7.63369042703632,7.72467585619563,7.06012108165701,7.2722955788624,7.49397536985614,8.6344131798254,6.86174644827868,7.60598462462353,8.4259419190453,7.99757389017896,8.72646936403944,9.91466979777247
"Slc27a1",5.39391069636275,5.78366686611631,5.68053674154469,5.72336665591551,5.16497493652033,5.62466540640085,5.51585026585532,5.60215758356957,6.56251137010735,5.40774224160936,6.07319238620203,7.12210223714244,6.40785528239332,5.84612003433087,7.96140238154322
"Acsf2",5.11502046443752,4.91548249948282,5.62171215280884,5.59768038853905,5.342066155778,4.91516450786459,5.28597618323187,5.46735127649097,7.05826313662828,5.11272105156067,6.674544950189,7.44891111710375,5.70234215388581,6.39663439767211,8.9741709487067
"Ror1",7.48816096556086,7.17940257603204,6.64766282637366,7.45208135928982,7.0335980019891,7.81000212930856,7.48018145171284,7.40700981665676,6.50461845686247,6.87892394472401,7.31703470720078,5.98366146842166,6.87016438991481,6.59707397375719,6.09914052030886
"B3galt2",4.02894128990519,4.10385313370598,4.96423621370332,4.1127547457353,3.98563325172786,4.35480118975399,3.92360996500239,3.80703223878329,5.98635086655628,5.44732689738583,5.57726316439977,6.38956773462167,5.60284426832881,4.41891234154331,7.27016798689188
"Clec4a2",2.76719036180206,2.93264828195031,3.32627913743929,2.31349344303607,2.66511676171948,2.50760236467177,2.70497953041169,3.27321045897052,4.05042330054432,2.30955681625705,3.2270658927246,3.85364051443829,3.65835879285399,4.09376998992626,5.60003631371698
"Acvr1c",3.63982232462689,3.67930306854918,4.47844520717071,3.82129242943476,2.67508747416616,3.04593329493924,3.46369185603518,3.62233763537089,4.96050682298406,4.08849497321747,4.28867973714143,4.85793400875363,4.40445974586089,3.8698409870296,5.9505969556372
"Islr",5.1246811531467,5.02371555307928,5.63900844726031,4.98532353569599,4.84431093459939,4.51057846524718,5.01216719575874,4.55342186998279,6.04393690594544,4.39027947951069,4.90137201845367,6.16471131811705,6.13560492049299,6.60252497096337,7.22475350081904
"Pon3",5.30221255290886,5.04629042593025,6.12535873617676,6.10832417635506,5.8785128780288,5.13651085574088,5.59603672453418,5.78880858363486,7.19383130497189,5.37658067066771,6.84850081448655,7.50100389759305,6.55655881592821,7.82092071040016,9.56294414425902
"Akr1c13",2.65532368699667,3.0431858837844,3.52430395186374,3.16587295290306,2.54537565790893,3.37219921546106,2.24920847698153,3.805392604603,3.18956308014865,2.40735918981412,3.28871462633159,3.92835034216493,3.49108040918356,3.75370914925726,5.44648103350395
"Tlr13",5.26956526165255,5.15011770520399,5.56448034623365,5.60447250358213,5.29644191898735,5.40180979222097,4.9573732517653,5.6078159373314,6.35678993936817,5.35225445714105,5.40783372286681,6.2050171618653,6.10240610632765,6.58613508644389,7.3555031700335
"Trpm2",4.42741507687658,4.35625510987176,4.2380186571083,4.46201150787866,4.35094211248164,4.66503866157743,3.95826030336215,4.6542945992416,5.65936907994314,4.49286550061312,4.48716179814197,5.61561071433403,4.72431649802044,5.28593577051217,6.26964831417289
"A530016L24Rik",4.3606532124459,3.89884760469978,4.78560816349087,4.17041002937237,4.46451415831293,4.25396424547265,4.48554906548135,3.98975723105525,5.89945314052521,4.42623764097064,5.37366258276773,7.04130189168973,5.78554399063616,5.187846235395,8.47916783559486
"Ano4",5.48357251253929,6.06258469756371,5.4573835324465,5.49435887373306,5.6615929396083,6.28983051505308,5.93057176990933,5.86819270694928,4.65692730760513,6.0183200723681,6.00565645892068,4.98945906996441,5.43514232857474,4.68033817306464,4.065371211521
"A730089K16Rik",6.26504969960424,6.60056346011316,6.45074741407711,6.54640690886721,6.87349191343739,7.08507649770254,6.91200215118866,7.12744012890706,6.14863403349705,6.57302074165824,6.89650895114047,5.63471527867596,6.6852452708939,6.26112214083377,5.03012957742971
"Apol10b",2.96734757202126,2.79003513941573,3.29516299109907,2.44597305038946,2.92750053493037,2.25058272737863,2.52728019328394,3.37498946660001,3.47871952466826,2.92014834174945,3.40105287797674,4.05421687899322,3.03727816086468,4.22453206441157,4.26825937686625
"Acot11",4.42123171742913,4.30870201577758,4.45186519660364,3.97634343364443,4.44461304339464,3.89096054872009,4.24311427183293,4.43340781601693,5.42425826798851,4.32540229022777,5.2321354118845,5.70628212437691,4.5374794009275,5.45259337071854,7.1069401522194
"Tmem120b",6.05241641281549,6.3129605824653,6.13930525887751,6.24642801298049,6.15061804900399,6.30141093999113,6.13231599346731,6.10542731342611,6.65551975903243,6.07305005449802,6.55418424828424,7.5597739328938,6.68422987046561,6.76075502295589,8.10858303224247
"Cd300ld3",5.20252549402552,5.28948391276447,5.60704816214162,4.82823081310196,4.37841884582354,4.73735094939247,4.13108520853037,5.47140660323531,6.25539004888276,5.25605593768009,5.10733543149435,5.49843206782602,5.14442787209615,5.02205015218673,6.34345587952714
"Tlr12",3.99198945018357,4.46306643045289,4.22282549827139,3.8018010917374,4.67928384564638,3.90006017448918,3.86270745256359,5.1295257137032,5.72426933280312,4.66469917874376,4.19178441753244,5.55408336445822,4.72265622731095,5.62102096757856,6.25979095246509
"Nlrc5",3.918002992556,3.23496401751392,4.87486682857609,3.53262809154346,4.10996611159049,3.54885683737569,3.90738145683359,4.99651895123241,6.60056346011316,3.40371229013981,5.80495738527784,6.73067943465209,4.4744792581154,6.86146000961035,6.78204298912648
"Lair1",5.07813742469554,4.76700774806432,4.45919867801006,4.72811799147767,5.34874879541888,5.17831022044226,4.78922949904664,5.68750596184855,6.28547028884195,5.05640588815883,5.63503652145981,6.10559068292174,5.85710324005794,5.81145272371423,7.04647815317668
"Ccrl2",4.61995515211101,4.61631295677024,4.71843117570273,4.80513057996683,4.46926594957754,4.29882738767692,3.93391098168665,4.78289437864942,5.09411780246274,4.42421600778991,5.24831901216028,5.13539868899162,4.86083060664226,5.0948789049367,5.94874813201535
"Irgm2",4.292155619199,4.61823775556731,4.78438345649243,3.9803141039358,5.18977792661155,4.53058076415345,4.28848010247628,5.79055452247567,7.52132951280158,3.67988446747282,7.33646932833648,7.26455584384871,5.69491921005436,7.45589179739338,7.75351784307322
"Apbb1ip",5.31588021378918,5.60729776325294,6.75470356492091,5.76622952730065,5.36632449437834,5.53944828453329,5.43266178686139,6.20032350201414,7.08382935868808,5.3355100438531,6.05404018593464,6.38815524750415,6.36023763033566,7.29711609063535,8.3568607549852
"Gbp3",4.04135221734781,4.09796409567844,4.18247361008493,4.15926668603636,4.51955730366969,4.19911102075353,3.84821600450505,5.2847892932954,6.57747188408432,4.00778892495157,5.9851834672388,5.97441120882195,4.54953514630911,6.13330584935525,6.71998108792104
"Lgals12",3.6663656592364,3.31406895647227,3.9564034489716,4.14656159319073,3.95144518504121,3.3056841357542,4.4312139382896,3.2494979606059,6.91638600318491,3.71827505330994,5.93763473124668,7.42044123049067,6.82424326824153,5.51215795280425,8.42199775859912
"Car5b",4.56758386818687,3.73571161739443,5.20338881250101,4.6567576875328,5.14657400449421,4.07164381287164,4.85373917625871,4.42074843443043,7.13664537489811,4.00089400318493,6.24370629067737,8.11484106595733,6.98138916914455,5.66346025303613,9.13772783808523
"Plin4",4.46949800624144,3.85475643852754,5.31475704271776,4.04710089901601,3.93840210137234,3.96192840365939,4.88250054456309,3.73511160603984,6.42058203533999,3.9319020407894,5.46646882109385,6.51819342916545,6.14314112334598,5.3051131844762,7.57484287917236
"Zbp1",4.88403925871641,3.86294392514966,5.76219558448828,4.58748403352939,5.303207183473,4.0394835487832,4.77773670002458,6.27696063405477,6.9340610675908,4.89285062739759,6.32119444424114,6.50861217643717,5.51828730992341,7.55951702677791,7.66733268472982
"Pdcd1lg2",3.38110089948319,3.13591754828473,3.76968039987453,3.68095753308864,3.77656476067093,3.32027191316922,3.51089087760443,4.12036646363974,6.16204515002055,3.01687303395386,4.94377461801061,6.22115606707976,4.2001913327848,6.21836637533655,7.69559972544597
"Mlxipl",4.12237973038951,4.01069305928446,5.04794648187224,3.89794379023848,4.80567253573027,3.7425861844048,4.07617086226902,4.0702936917437,5.99446598448677,4.03114014951465,5.04969490828453,6.01017403468715,5.36227342147208,5.5763859618473,8.01176899717817
"Iigp1",4.09489469568752,3.37769109363696,5.15727901145537,3.57749469762219,5.706239195498,3.61867991599641,4.340571689992,6.70658027541446,8.42993307282739,3.85463320804585,8.32078285152446,8.74013707568668,6.83529255735406,8.07110118640129,8.82030923361317
"Cd274",4.72791013345445,4.98101914120504,5.23783935557354,4.87987485491487,5.21150675905914,4.65116426015328,5.05034105069246,5.85317240818646,7.18982650501254,5.35808579170284,7.02384571480558,6.95019134804963,5.68429618458218,7.40981877107841,8.25328683929894
"Gpr52",4.06032761143755,4.30720997541966,4.48914969948874,3.77056444642481,4.22475037197229,3.95634467784644,3.79873529054991,4.910108928064,4.48019437075593,4.00262746798025,4.04428753105841,5.10829208622723,4.41869913392033,6.17710827931083,4.98771639798589
"Igkv3-4",1.84249667881396,1.6948478967993,4.18693837013641,1.91075274936621,2.49732559555567,1.75191522959033,3.91132949539466,6.46207829498914,8.07340072502071,2.86324952258339,4.86931462418997,5.8568978040087,3.64280907917088,11.6782463397513,11.4603831507215
"Gbp10",4.15844137295132,3.62359906831351,4.58345316779884,4.25174424735096,4.28663822429245,2.92553255623856,3.50660171385006,5.34921503191262,7.34628271269743,4.07579629783258,6.93581225702422,7.79608483559795,6.14155285609823,6.89429906567797,7.87401050907748
"Igkv14-126",2.50555654020171,2.21836870682196,2.82343044731769,2.20833895358288,2.85427825226195,2.25115789404395,2.41448000189274,2.09813130097006,2.48537736180796,2.09691650473109,2.59694402388909,2.56406744619141,4.24880515478655,4.46399212925254,5.58186603829476
"Gm12250",3.62965222159259,3.29971869430889,4.71647484939199,3.68311635146418,4.47948126723591,3.64480648809963,3.8921156804093,5.36161478957887,7.06799590695247,3.79077201984568,6.16778255605585,6.36423763944066,5.458221723588,7.09367137873762,7.24147419164234
"Ms4a4c",4.21268428613719,4.70563649444966,5.47394857444638,4.56715075794746,4.2865898980783,4.2733475911597,4.81604930619051,5.06603664781138,5.38325803422178,4.45160965792384,4.95157000974061,5.30975302588493,5.11360205214999,5.86554821067788,6.00577738988351
"Cxcl16",7.44983016255939,7.00966971494033,7.34896269080492,7.46135862747709,7.52358759509522,7.20275878615717,7.22984971699908,7.73990268176095,8.9712424539778,7.24991796231689,8.05227721338595,8.62672344825481,8.29177548287509,8.84648978944612,9.6325436674669
"Dhrs7",5.77580167278092,5.47702319519218,6.07293990171074,6.09656592254464,5.7438886315438,5.23127008344498,5.85392299347678,5.55602231385025,6.84779333852577,5.82052446210742,7.25841553869303,7.42341225079751,6.23599814965724,6.82147080270915,8.79329016755507
"Pycard",4.70249628995634,4.23038775437533,5.23306052150669,4.84450716352934,4.26644914055266,4.19906555548146,4.47833786411627,4.93689321893789,5.41518789559304,4.84450716352934,5.02101634987534,4.84450716352934,4.80410892352116,6.2369938523139,6.37380100491162
"Pnpla2",7.62929004206679,7.44343955850762,8.36810367025866,8.05118862002794,7.57986121764979,7.17511692976879,7.67318737829116,7.41679630098037,9.95617605718339,7.3529728112192,9.31936271695104,10.0206606733838,8.86917394936108,8.89503585701047,10.7675177500232
"Plbd1",6.42252042894819,5.89250762851553,7.20501621222915,6.16683777811631,6.62044595790799,6.14674399855581,6.25614443260718,7.21150201649523,8.79309901002866,5.76069331751212,7.65513514001457,8.46984310327287,7.04584497222187,8.50631943012944,9.53317561025641
"Retsat",4.89195712756196,4.36546297294939,4.9928760584434,4.98579919507831,4.78524357338847,4.57567514596107,4.49873629934441,4.58865519218763,6.63710355633317,4.26771477141186,6.42823005583626,6.6762262798354,5.81262814529353,5.76470260117961,8.55038965688891
"Agpat2",5.58180375064849,4.78241861097885,6.25397793246204,5.89194000571818,6.53310120953057,5.18621679526963,5.68040196241175,5.15945430194553,9.08549324414513,5.60467812483112,8.65453513365296,9.68761969172104,8.035844747221,8.28157160207786,10.5964292103148
"Acss1",5.66039502459215,5.39495848673607,6.1252573470297,5.57717365762508,5.31419520440458,5.66082631764732,5.56787921819787,5.86554168145525,7.15859229988167,5.94996578791619,6.069471225913,6.49771744176429,6.10990054729644,7.22693561406532,8.89030857345683
"Ms4a6d",4.15294975730842,4.39596580712731,5.00003164422159,4.93814867929642,4.87923620452873,4.49000391760275,4.13200038125505,4.9445750096237,5.45967664320735,4.72429110755219,5.82429805442771,5.36308255536445,5.00003164422159,5.82155848640438,6.35445469967773
"4931406C07Rik",6.44535225851343,5.95590089843209,6.55282806458139,6.58764391755853,6.35323786307951,6.44725343474002,6.07921052125465,6.37700733537662,8.04932157335103,6.72998687219024,7.4244952229974,8.10211221696262,7.01209036043069,7.28019871891264,9.36611763762632
"5430427O19Rik",2.30336162869931,2.22687507798534,2.76329561918888,2.48956790849207,2.31574807125992,2.48897262880397,2.4844162598728,2.71245175302297,3.09533369916307,2.98919159173362,2.67882346355404,2.75664739453526,3.17279674354765,3.70970121933821,4.21899045198368
"Ifih1",4.93519957507941,5.15312920522528,5.56261126291275,5.86689590208989,6.05783108137913,5.22073419905932,5.26120589991798,6.43941169037806,7.00076081723326,5.46287354851009,6.28964322979611,6.71242210703305,6.01042264658855,6.98048963050331,8.44360121718608
"Apol6",3.34642959652147,2.92079362264608,3.62478126440709,2.66125578456203,2.9196423346706,3.02826364331806,2.87607290591368,2.71175222286212,3.71541606904938,2.98340008566767,3.83865953405145,4.76913047362509,3.8631713990256,4.79382802516241,4.50012267507376
"Slc25a35",4.18910433854588,4.37445784513905,5.18618816855806,4.5856396892203,4.51258322987862,4.36643998934292,4.3963781261612,4.43105913490934,6.53317013881457,4.16942406419576,5.42444757902787,6.94502861492106,5.45376391109742,5.86634145011422,8.44371454904537
"Nkg7",4.53787344139231,4.52529858227243,4.50393797587319,4.1712401523871,4.04968882795353,4.15501994339327,4.2832125023193,4.65671148659455,6.02805706518709,3.70673085431199,5.09796519602971,5.41838121669234,4.73280679526142,6.07926395125748,7.05851454816404
"Slc43a1",3.75713467426487,3.68894237561841,4.03600894345794,4.22118405399238,4.06134874906826,3.62420022915675,3.90065771562641,3.58774259318806,4.51973213516355,3.55720346950223,3.90872424117466,4.65872430912752,4.47665046423537,4.95361825962495,5.87749226489964
"Hsdl2",5.47064386667605,5.11063897723702,5.91527415511334,5.74560541294463,5.36801620305245,5.66177722957372,5.04565872916125,5.67561627690366,6.81289629383114,5.60276797499806,6.50192348472164,6.70986796800313,6.17585324722325,6.2451632777941,8.00492850444694
"Clec4a3",5.02975200165835,5.06310124630438,6.4726457034965,5.81411456270603,5.79594358508857,6.26956360846892,5.30765058326396,6.7782186366446,7.60247320625694,5.66739910185408,6.67932868684269,7.11763210472814,6.60120715231948,7.53275516914867,9.32384870081248
"Ttc25",3.67248766602403,3.78183280531348,3.4143994161653,4.10785199076311,3.97445690560872,3.29720559863103,3.75791274482035,3.45398279062696,4.76488923767812,4.12160899568313,5.15705041371074,4.79371012143722,4.2135366499979,5.7729742477575,5.19781723947386
"Slamf8",4.31702218894269,3.272133522271,4.51900149711054,4.14535430690273,4.67546842339576,3.94057780555892,3.73391475750228,4.688322900975,6.0553958736012,3.67417657500788,6.20532439432147,5.7560307174022,4.8803009213983,6.28329602780755,7.02517733459039
"Slamf7",4.14696331997307,4.30928889673155,5.24464724913423,3.89748268602875,4.61053128156132,3.49551157701336,4.39913572696714,4.80071463317074,6.74351565547593,3.75543113485072,5.42019187042802,6.04097820259456,4.52901081207256,8.28082955605842,8.55236929799319
"Oplah",5.53403255465734,5.00824194039101,5.24742191790912,5.56862809229225,5.35949108637038,5.28390309837824,5.07447011577875,5.43220854032806,6.22012602987353,5.82302802483872,5.94661625614123,6.44533020416374,5.71269411319061,6.0489032664941,7.00356672246765
"Ganc",4.65573807209319,4.37647930196621,5.37935398108632,4.81841905806359,4.80927626875278,4.42820193212981,4.50799418640077,5.12563141465954,5.76899920546992,4.93846364029344,5.41296748196118,5.77863611024918,4.99403055665726,5.43666801698847,6.65645978638267
"Gbp8",4.37026001750498,4.57965043163962,6.01926649453902,4.846180021929,4.96541520803785,5.04003148430547,4.12638754036328,6.27610408875546,7.89640465554678,4.28578351800289,6.65450909710304,7.4840072169481,5.92237463988831,7.86131698777467,8.25807679281469
"Igsf6",8.00365423940252,8.27874562135471,7.72185397182615,8.52100937543006,8.0937723325019,7.96203445540098,7.88126967556218,8.38409977211196,9.12321353661612,8.39761935872332,8.39761935872332,8.69823623658443,8.75711952248118,9.27998016903149,9.89375765588036
"Ntng1",5.73229568610936,5.9769255302386,5.51405752214052,5.91458089783152,6.03303292559137,7.49707860679415,6.4926351715168,6.36675542709142,5.66863938545638,6.18995246613067,6.70132556441865,5.4154680740442,5.5154844830579,6.20104970268884,4.92135689000377
"Hcar2",2.96186473278615,2.59370518227686,3.83474721631213,3.28694928831703,3.26072544098191,3.59351050127353,3.28001753377563,3.84061782415023,5.06481846522624,3.02602428343315,4.96236270073222,5.3818725740192,3.90472345805422,4.79760315337094,5.5227661978434
"Erap1",4.64086739629325,4.60224235937955,5.29482616560538,5.01513416090695,5.30636706447013,4.58171049365804,5.02305617376224,5.63216296442061,6.70690984280531,4.59218793012952,6.45814925133833,6.59838894410436,5.29111734283675,6.88496931370033,7.60242779659001
"Klb",2.92576899721792,2.81564725022382,3.17345083664555,3.23752901084374,3.59807589313658,3.44340305905817,3.709768996584,3.45613107838353,5.96183809334712,3.10250523666558,4.42024246704117,6.12052593475124,5.21767554299892,4.24094568035296,7.03089243949558
"Pla1a",4.35394845265748,4.02486283431877,4.29688166347412,4.55721215013895,4.3228922016147,4.09895753907477,4.43399210487447,4.2065428418008,5.49632043638789,4.15173656402316,4.90588763008486,5.63518083725197,4.61117848805557,6.21321491137632,7.46660305521154
"Glrx",5.77660699349672,5.45739229259855,6.16825167855569,6.32775479382884,6.14068626561098,5.49152372748855,5.618792147096,6.05630826312756,6.96820606449004,5.42523422244294,7.18344026127911,7.05082481475826,6.28733524685542,7.32238214448407,8.52113421078498
"Slc24a3",3.64199729044706,3.49207504612996,3.76743476313096,3.30264975449899,3.43914665620923,3.55438389029942,3.49956045598874,3.71752183606983,4.99211622690369,3.29853684398388,4.44492690236471,5.08949924203839,4.37647930196621,3.9885446988746,5.85169352079572
